publisherID,name
1,McDougal Littel
2,Pavilion Press (Wi)
3,Boosey & Hawkes Inc
4,Norma
5,Grove Press  Granta
6,Council Press
7,Orion Publishing
8,Kabel  Verlag GmbH Ernst
9,Severn House
10,McSweeney's
11,Brookline Books
12,Academic Press
13,Golden/Disney
14,Tor Books
15,Crown Publishers
16,Hachette Littérature
17,Fleming H Revell Co
18,Literatura Random House
19,Ballantine
20,Open Heaven Publications
21,Montlake Romance
22,Modern Publishing
23,BenBella Books
24,Alyson Books
25,Viking Books
26,Emecé Editores
27,AudioText
28,Bloomsbury U.S.A. Children's Books
29,University Press of New England
30,Readers Digest.
31,Waking Lion Press
32,Putnam Publishing Group
33,Ember
34,Dragon Door Publications
35,Hqn
36,Sidran Press
37,Dark Horse Comics
38,Dante University of America Press
39,Dark Horse Books
40,Picador  Macmillan Publishers Ltd
41,Birlinn
42,Vintage Classics
43,Malhavoc Press
44,Folio
45,Sterling Children's Books
46,Penguin-HighBridge
47,National Park Service
48,Time Life Medical
49,Waterbrook Press
50,Schirmer Mosel
51,Plume (Penguin Books Ltd)
52,Harlequin American Romance
53,InterVarsity Press
54,The Overlook Press
55,Puzzle-Via Magna
56,Bantam Classic
57,Harlequin Romance
58,International Code Council
59,Turtleback Books Distributed by Demco Media
60,皇冠文化出版有限公司
61,Yoruba Theological Archministry
62,Ace Books
63,Avon Books (P)
64,Berkley Prime Crime
65,Dial Books
66,B.E.S. Publishing
67,Bantam
68,Headline Feature
69,Piemme
70,Watkins
71,Booklocker.com  Inc.
72,Hartley & Marks Publishers
73,Avon HarperCollins
74,Thames & Hudson Ltd
75,Plaza & Janés Mexico
76,Penguin Classics
77,William Morrow / HarperCollins / Harper Perennial
78,Maxima New Media
79,Random House  for Young Readers
80,London : Faber  2002
81,Punto de Lectura
82,Farrar  Straus & Giroux
83,Praeger
84,Heinemann
85,Games Workshop(uk)
86,Everyman Paperbacks
87,Grijalbo Mondadori Sa
88,Aurum
89,Picador
90,Holt McDougal
91,Orion Publishing Group
92,Simon Publications
93,The New Press
94,Everyman's Library Classics
95,Dedalus Limited
96,Longman Schools Division (a Pearson Education Company)
97,Bedford Books
98,Plaza & Janes Editores  S.A.
99,Record
100,HJ Kramer
101,Fourth Estate (GB)
102,Random House Large Print Publishing
103,TSR
104,Booket
105,Scholastic Paperbacks
106,Little  Brown and Company
107,British Film Institute
108,HarperOne
109,Roaring Brook Press
110,Yearling
111,Ecco
112,Faber and Faber & Penguin India
113,HarperAudio
114,Clarkson Potter
115,Grove Press
116,Penguin Book Limited
117,Insight International
118,Knopf Publishing Group
119,Wordsworth Classics
120,DK Publishing (Dorling Kindersley)
121,Byblos
122,Sinauer Associates
123,Ivan R. Dee
124,Blackstone Audiobooks
125,Candlewick Press
126,Hartorch
127,Xlibris Corporation
128,Villard Books
129,Schocken
130,Simon & Schuster Children's Publishing
131,Renaissance Books
132,New York Review Children's Collection
133,Dutton Books for Young Readers
134,Academica Press
135,Augsburg Fortress Publishing
136,Inner Light - Global Communications
137,Collection of Historical Scientific Instruments
138,Four Walls Eight Windows Press
139,William Heinemann Ltd.
140,Lübbe
141,Laurel Press
142,Penguin Books in association with Faber & Faber
143,Penguin Classics Deluxe Edition
144,HarperTorch (an imprint of HarperCollins Publishers)
145,Tom Doherty Tor Fantasy
146,Tyndale Momentum
147,McGraw-Hill/Glencoe
148,Harpperen
149,Rick Steves
150,Scribner
151,Canongate U.S.
152,ComicsOne Corporation
153,Puffin Audiobooks
154,Bollingen/Princeton University Press (NJ)
155,AHA! Process
156,Honor Books
157,Zeta Bolsillo
158,Carlton Publishing Group
159,Manchester University Press
160,Bloomsbury Publishing
161,Bantam Press
162,Pocket Star
163,Swallow Press
164,Marsilio Publishers
165,Rowohlt Tb.
166,Houghton Mifflin
167,Brilliance Audio
168,New Press (NY)
169,Phoenix
170,Townsend Press
171,Sams
172,Fellowship for the Performance
173,Audio Renaissance
174,Barnes & Noble Classics
175,Vida
176,Michael O'Mara
177,University of Wisconsin Press
178,John Wiley
179,Purple House Press
180,Harper Audio
181,Arden Shakespeare
182,Apress
183,University Press of Florida
184,Harcourt Brace & Company
185,Tommy Nelson
186,Jove
187,Titan
188,Harlequin Presents
189,De Boekerij
190,Woodrow Wilson Center Press / Johns Hopkins University Press
191,The Monacelli Press
192,Newmarket
193,Vertical
194,Pocket Books/Simon & Schuster (NY)
195,Elloras Cave
196,Cliffs Notes
197,Gotham
198,Dell
199,Cemetery Dance Publications
200,Penguin Books Ltd. (London)
201,Chosen Books
202,Perigee Trade
203,Triple Crown Publications
204,Delacorte Press
205,Hyperio
206,Random House UK Ltd (A Division of Random House Group)
207,Devil's Due Publishing
208,Storey Publishing  LLC
209,That Patchwork Place
210,Coronet
211,El Paso Norte Press
212,Pen & Sword Military
213,Zenith Press
214,Harlequin Blaze
215,Crystal Clarity Publishers
216,Northeastern University Press
217,Darton  Longman & Todd
218,Raintree
219,Greenwood Press
220,Rockport Publishers
221,Tom Doherty Associates
222,Pimsleur
223,Wipf & Stock Publishers
224,HarperCollins
225,National Geographic Society
226,Image Comics
227,Pantheon Books (NY)
228,Clarity Press
229,Oberon Books
230,Dutton Children's Books
231,Random House  Inc.
232,Mariner Books
233,Harcourt
234,MIT Press
235,Multnomah Books
236,Harper Paperbacks
237,Critica (Grijalbo Mondadori)
238,Andrews and McMeel
239,Evans Brothers
240,Adams Media
241,Plume
242,HarperTorch
243,Harlequin
244,Pomegranate Communications
245,Bantam Starfire
246,Weidenfeld & Nicolson
247,Yosemite Conservancy
248,Plexus Publishing
249,HarperSanFrancisco
250,Pygmalion Editions
251,Roc
252,Alfred A. Knopf Borzoi Books
253,Yesterday's Classics
254,Castle Books
255,Running Press
256,Mira Books
257,AK Press
258,Harvard University Press
259,Free Press
260,Inner City Books
261,Random House Inc.
262,rbooks
263,Hearst Communications
264,Dial Press
265,Serpent's Tail
266,Island
267,Capstone Press
268,Lasser Press
269,Totem Books
270,Phoenix Press
271,Fulcrum Publishing
272,TusQuets
273,Pelican Publishing
274,HarperCollins Publishers  Inc.
275,Steerforth Press
276,Puffin Books (Penguin Books)
277,Vanguard Press
278,McGraw-Hill Humanities/Social Sciences/Languages
279,Bookspan
280,Diogenes Verlag
281,Celestial Arts
282,DAW
283,Harper Perennial
284,Watkins Publishing
285,Sceptre
286,Zebra
287,Ivy Books
288,Grosset & Dunlap
289,Express Publishing
290,Oddysey/Harcourt Young Classics
291,Westholme Publishing
292,Praeger Publishers
293,Loyola Classics
294,Nonsuch Publishing
295,Smart Pop
296,Picture Book Studio Ltd
297,Redleaf Press
298,Porrua
299,Sutton
300,Plume Books
301,Bantam Spectra
302,Lerner Publications
303,Bristol Classical Press
304,Bantam Doubleday Dell Publishing Group
305,Waveland Press
306,Loeb Classical Library/Harvard University Press
307,Chelsea House Publications
308,Arrow Books
309,Berkley Trade
310,University Of Minnesota Press
311,Orb Books
312,DC Comics
313,Rivages
314,University of Texas Press (Austin/London)
315,Blu
316,Stanford University Press (Stanford  CA)
317,Univ Of Minnesota Press
318,Delta Publishing
319,New Directions Publishing
320,Presses de La Cite
321,Thomas Nelson
322,Bloomsbury
323,Lippincott Williams & Wilkins
324,Adamant Media Corporation
325,Houghton Mifflin Company
326,Bloomsbury Arden Shakespeare
327,Nymphenburger
328,O'Reilly Media
329,Daw Books
330,Nelson Thornes Ltd
331,Pearson Longman
332,Picador USA
333,Limelight Editions
334,Doubleday
335,Kensington Publishing Corporation
336,New English Library (Hodder & Stoughton)
337,MacMillan General Books
338,St. Martins Press
339,Livre de Poche
340,DAW Fantasy
341,Lodestar Books
342,Intercultural Publishing
343,A K PETERS
344,Stewart  Tabori and Chang
345,Penguin Putnam
346,Ediciones B
347,Puzzle-Roca
348,HarperCollins Leadership
349,Liveright Publishing Corp.
350,Kodansha International
351,Penguin Group (USA)
352,Umbriel
353,Nation Books
354,IndyPublish.com
355,Vacation Work Publications
356,MacMillan UK
357,Sunburst
358,Teaching Resources
359,Focal Press
360,Michael Joseph Ltd./Penguin Books Ltd.
361,Viking Books for Young Readers
362,Paul Mellon Centre BA
363,American Diabetes Association
364,Fantasy Flight Games
365,Martínez Roca
366,Polygon
367,Vertigo
368,Atheneum Books for Young Readers
369,Disney Press
370,Five Star Trade
371,Tropismos
372,Samuel French  Inc.
373,Whitaker House
374,Rowohlt Verlag
375,Free Spirit Publishing
376,Silhouette
377,Wizards of the Coast
378,Editorial Diana
379,Macmillan
380,Daimon Verlag
381,Wings
382,Samhain Publishing
383,Amherst Media
384,Marvel Comics
385,NAL Books
386,Viking UK
387,Da Capo Press
388,Sticker Design (DC Comics)
389,Pocket Books: Gallery Books
390,Disney Enterprises
391,Recorded Books
392,Fawcett Books
393,Miramax Books
394,Copernicus Books
395,Atlantic
396,Fithian Press
397,Pan Childrens
398,Jove Books
399,Doubleday Canada
400,Edicións Xerais de Galicia  S.A.
401,McClelland and Stewart
402,Nimble Books
403,Image
404,AMR/Advanced Management Reports
405,Sarah Crichton Books
406,Bear  Company
407,Health Communications
408,Grove Press  Open City Books
409,Harvest Books
410,Gamble Guides
411,G.P. Putnam's Sons
412,Penguin Group
413,Miramax
414,Bloomsbury (NYC)
415,Harvest Books/Harcourt
416,Bolchazy-Carducci Publishers
417,Urion Press
418,Ecco/Harper Perennial
419,The Guilford Press
420,Gramedia Pustaka Utama
421,DeBolsillo
422,Del Rey Books
423,Hachette Books
424,Rowohlt Tb
425,Southern Methodist University Press
426,New City Press
427,NAL
428,The Putnam & Grosset Group
429,Liveright
430,Sky Books (NY)
431,Voyageur Press
432,Everyman's Library
433,Stonewall Inn Editions
434,Urban Books
435,Red Hen Pr
436,Carl Hanser
437,Norma Editorial
438,Eos
439,Peter Owen Publishers
440,Эксмо
441,Atria Books
442,Gingko Press
443,Sourcebooks
444,Public Square Books
445,Penguin Essential Editions
446,Monolith Graphics
447,Random House Vintage Books
448,Simon & Schuster
449,Oregon State University Press
450,Cisne
451,High Roads Media
452,Countryman Press
453,Recorded Books  Inc.
454,Alfaguara Infantil
455,Vintage Espanol
456,Simon & Schuster; Media Tie-In edition
457,Quarry Press
458,The Crossroad Publishing Company
459,William Morrow / Harper
460,Penguin UK
461,Voice
462,Ignatius Press
463,Signet Classic
464,Regnery Publishing
465,Piper Verlag
466,HarperLargePrint
467,Nova Audio Books
468,Octopus Books (London)
469,Princeton University Press
470,Farrar Straus Giroux
471,Drawn and Quarterly
472,Columbia University Press
473,Taunton Press
474,Rider
475,City Lights
476,White Wolf Games Studio
477,Kaplan Publishing
478,Random House (NY)
479,Titan Books
480,FaithWords
481,Harper Voyager
482,Arkana
483,Bastei Lübbe
484,Owl Books (Henry Holt)
485,Random House Value Publishing
486,Broadway
487,Caedmon
488,George Braziller Inc.
489,Berkley Prime Crime Books
490,Berkley Sensation
491,Blue Sky Press
492,Modern Library (NY)
493,Rebel Press
494,Robson Books  London
495,Apple Paperbacks (Scholastic)
496,Times Books
497,Clarendon Press
498,Harvard Common Press
499,Little  Brown Book Group
500,New Harbinger Publications
501,Princeton University Press (NJ)
502,MIT Press (MA)
503,Houghton Mifflin Harcourt P
504,Archaia
505,Taplinger Publishing
506,Bantam Books  Inc.
507,Wiley (TP)
508,Bantam (Fanfare Imprint)
509,Meisha Merlin Publishing
510,Owl Publishing Company
511,Disinformation Company
512,Health Communications Inc
513,William Heinemann
514,Macmillan Audio
515,Focus on the Family Publishing
516,University of Notre Dame Press
517,Gramercy
518,Collins Design
519,Penguin Books
520,Fawcett Crest Books
521,W. W. Norton and Company
522,Everymans Library
523,Penguin Books Limited
524,Crossway Books
525,Del Rey/Ballantine Books
526,Rosenberg Publishing
527,Fanfare
528,TokyoPop
529,Haus Publishing
530,Woodbridge Press Publishing Company
531,Element
532,American Girl Publishing Inc
533,Arsenal Pulp Press
534,Phoenix Audio
535,Merlin Publishing
536,Schirmer/Mosel
537,Sounds True
538,Companhia das Letras
539,Northwestern Univ Press
540,Transworld Publishers
541,Bloomsbury Academic
542,HarperFestival
543,Bragelonne
544,Hakusen Sha
545,Alfaguara
546,Basil Blackwell (Cambridge  MA/Oxford)
547,Eraserhead Press
548,Three Rivers Press (CA)
549,Abdo Publishing Company
550,McGraw-Hill Professional Publishing
551,Edebé
552,Tantor Media
553,DK Publishing
554,PublicAffairs
555,Vintage Books
556,TIme Warner Books
557,Del Rey Books (NY)
558,Berkley Hardcover
559,Heinemann Library
560,Albert Whitman  Company
561,International Publishers (NYC)
562,Scholastic Reference
563,Penguin Books/Penguin Popular Classics
564,Aerie
565,For Dummies
566,Penguin (Non-Classics)
567,Random House Vintage
568,Sweet Valley
569,St. Martin's True Crime
570,Doubleday Books
571,Bookclub-In-A-Box
572,Weiser Books
573,Piper Taschenbuch
574,Transaction Publishers
575,Harlequin Historical
576,Dutton Books
577,Shaye Areheart Books
578,HarperEntertainment
579,Applause Books
580,Roberts Rinehart Publishers
581,Millenium
582,Challenge Press  Inc./Challcrest Press
583,Hyperion Paperbacks
584,Moody Publishers (Chicago)
585,Five Star (ME)
586,David C. Cook
587,University of California Press
588,Morpheus International
589,CRC Press
590,Arthur A. Levine
591,Perfection Learning
592,Harvard University Press (Cambridge)
593,Kiepenheuer & Witsch
594,Penguin Books  Limited (UK)
595,Salani
596,Brill/Rodopi
597,Living Books
598,Multnomah
599,Viking
600,Bloomsbury UK
601,Lulu Press
602,World Wrestling Entertainment Books
603,Chatto & Windus
604,Julie Andrews Collection
605,Applause Theatre & Cinema Book Publishers
606,Emece Editores
607,Riverhead Books
608,Impact
609,University of Pittsburgh Press
610,W. W. Norton & Company
611,Archie Comics
612,New Directions
613,Firebrand Books
614,Silhouette Books
615,Voyager
616,Arrow
617,Harper Teen
618,Cedar Books
619,Dragonfly Books
620,University Of Chicago Press
621,G. P. Putnam's Sons
622,Four Ninety-Eight Productions
623,Everyman
624,Contemporary Books
625,Egmont Books Ltd
626,Middleway Press
627,Robert Rose
628,Del Rey
629,Thunder's Mouth Press Books
630,Bantam Skylark
631,Harper Perennial Classics
632,Berkley Books (NY)
633,Twenty-First Century Books (CT)
634,Bloomsbury USA Childrens
635,Sphere
636,Mira
637,Tauris Parke Paperbacks
638,Corgi Books (Adult)
639,Blood Moon Productions
640,Overlook TP
641,Farrar  Straus and Giroux (BYR)
642,The Audio Partners
643,Sidgwick & Jackson Ltd
644,ASCD
645,Souvenir Press
646,Rux Martin/Houghton Mifflin Harcourt
647,Vintage International
648,Mythopoeic Press
649,Perennial
650,Zondervan
651,Larousse
652,University of Minnesota Press
653,Pantheon Books
654,Pelican Publishing Company
655,Orchard Books
656,Alfred A. Knopf  Inc.
657,Warner
658,Paulist Press
659,Barnes  Noble Classics
660,VIZ Media LLC
661,Earthlight
662,Sunstone Press
663,Hodder Audio
664,Copper Canyon Press
665,Laffont
666,Arthur A. Levine Books
667,The Modern Library
668,Beltz und Gelberg
669,Perennial / William Morrow / HarperCollins
670,Crescent
671,Seal Books
672,Liguori Publications
673,Routledge/Taylor & Francis Ltd.
674,P & R Publishing
675,Philomel Books
676,William Morrow & Company
677,Quill
678,Doherty  Tom Associates  LLC
679,Dedalus
680,Hamish hamilton
681,W. W. Norton  Company
682,Citadel
683,Vermilion
684,Bureau of Public Secrets
685,McGraw-Hill Science/Engineering/Math
686,Indiana University Press
687,Hazelden Publishing
688,Joanna Cotler Books/HarperCollinsPublishers
689,Prentice Hall
690,Van Patten Publishing
691,Chelsea House Publishers
692,Chatto and Windus
693,Bloomsbury USA
694,The Berkley Publishing Group
695,Warner Vision
696,US Naval Institute Press
697,Gallery Books
698,Egmont Children's Books
699,Civitas Books
700,HarperCollins Espanol
701,Wings Books
702,Tanglewood
703,EMC/Paradigm Publishing
704,Underwood/Miller  Berkley
705,South End Press
706,Random House UK Distribution
707,Harcourt Brace Jovanovich
708,Orbit
709,Gibbs Smith Publishers
710,Loeb Classical Library
711,Bloomsbury / Continuum
712,Dalkey Archive Press
713,Arts Publications
714,Grasset
715,Sensory Resources
716,Random House Para Ninos
717,Suma
718,Andrews McMeel Publishing
719,Dhv der Hörverlag
720,Peerage Books
721,Cosmos Books (OH)
722,Festival Books
723,Fantagraphics
724,Readers Digest
725,Abacus Books
726,Chatto  Windus
727,Reclam
728,Gallimard
729,Pineapple Press
730,Roca Editorial
731,Arrow (A Division of Random House Group)
732,Riverrun Press (New York  NY)
733,Motilal Banarsidass
734,Limitless Corporation
735,Pinter & Martin Ltd
736,Penguin Books (NY)
737,Prentice Hall Press
738,Baton Wicks
739,Lyons Press
740,P. F. Collier and Sons
741,ビブロス
742,Fontana Press
743,Your Coach Digital
744,Kodansha
745,Yale University Press
746,Time Life Books
747,Billboard Books
748,Orion (an Imprint of The Orion Publishing Group Ltd )
749,Penguin Young Readers
750,Pragmatic Bookshelf
751,Vision
752,Hungry Minds
753,Random House Trade
754,Small Beer Press
755,Ebury Press
756,Disinformation Books
757,PerfectBound
758,Possibilities
759,Peripatetic Press
760,New Page Books
761,Anagrama
762,Windsor Golden Series
763,Hill and Wang
764,Gallimard Jeunesse
765,Top Shelf Productions
766,Rba Libros
767,Penguin Books Ltd
768,C. Bange
769,Quality Paperback Book Club
770,Kent State University Press (OH)
771,DK Children
772,Random house
773,Barefoot Books
774,Gollehon Books
775,Berrett-Koehler Publishers
776,Loveswept
777,HarperCollinsChildren’sBooks
778,Allen & Ulwin
779,Penguin Audio
780,Abstract Studio
781,BBC Audiobooks America
782,Doubleday Publishing (NY)
783,Stanford University Press
784,Grove/Atlantic  Inc.
785,Gibbs Smith
786,Children's Classics
787,Penguin Classics Deluxe Editions
788,Avery
789,Museum of Modern Art
790,Orion Books
791,Scholastic Press
792,Inter-Varsity Press
793,Avon Books
794,Trine Day
795,Inter Varsity Press
796,HarperCollins UK
797,Random House: Modern Library
798,Western Publishing Company  Golden Books
799,Heyne
800,Lucas Books
801,Random House Puzzles & Games
802,Fantagraphics Books
803,Beach Lane Books
804,University of South Carolina Press
805,St. Augustines Press
806,Delacorte Books
807,Modern Library
808,Henry Holt
809,Deodand
810,Paraglyph Press
811,Editorial Juventud
812,Main Street Books
813,Rupa & Co
814,K.G. Saur Verlag
815,North Light Books
816,Mira books
817,Glénat
818,Dial
819,Orion Paperbacks
820,David C Cook
821,Mayfield Publishing Company (NY)
822,Kent State University Press
823,Kyle Books
824,小学館 [Shōgakukan]
825,Plaza & Janés
826,Soho Crime
827,Ronin Publishing (CA)
828,Roc Hardcover
829,Regal Books
830,Abacus Books (London)
831,IDW Publishing
832,Wildside Press
833,Heinemann Drama
834,Smithmark Publishers
835,Peter Smith Publisher
836,Hachette
837,Grupo Editorial Norma  S.A.
838,Destino Ediciones
839,Debolsillo
840,BBC Audiobooks
841,DAW Books
842,Schocken Books
843,Fontana
844,Highbridge Audio
845,Duke University Press Books
846,Quest Books
847,Modern Language Association of America
848,Regan Books
849,University of Chicago Press
850,Simon  Schuster/Paula Wiseman Books
851,Black Dog & Leventhal Publishers
852,Candlewick Press (MA)
853,Baen
854,McGraw-Hill Education
855,Games Workshop
856,Galahad Books
857,Pavement Saw Press
858,William Morrow Paperbacks
859,Feminist Press
860,Amadeus
861,Siete Cuentos
862,Kregel Publications
863,Golden Gryphon Press
864,Teacher's Pet Publications
865,Association for Supervision & Curriculum Development
866,Burford Books
867,Watson-Guptill Publications
868,York Press
869,Jump At The Sun
870,Union Square Press
871,Sagebrush
872,Thomas Nelson Publishers
873,National Geographic Children's Books
874,Vertigo (DC Comics)
875,Bloomsbury Publishing PLC
876,Back Bay
877,Nelson Books
878,Vision Forum
879,North Atlantic Books
880,Texas A&M University Press
881,BBC Physical Audio
882,HarperTempest
883,St. Martin's Minotaur
884,Dark Horse Manga
885,Gramercy Books
886,Sterling Publishing Co.  Inc.
887,Spectra/Bantam Books (NYC)
888,Deseret Book Company
889,Project Management Institute
890,Wilhelm Goldmann Verlag  GmbH
891,Open Court
892,Hard Press
893,Nelson Reference & Electronic Publishing
894,Lone Oak Press
895,American University in Cairo Press
896,Warner Adult
897,Barrington Stoke
898,Shaw Books
899,Virago
900,New Falcon Publications
901,Harvest House Publishers
902,Rayo
903,Lantern Books
904,Diana TB
905,University Press of Kentucky
906,Blackwell Publishing  Inc.
907,Pyramid Books
908,Graphics Press LLC
909,Methuen Drama
910,Jane Nissen Books
911,Little  Brown Young Readers
912,dtv
913,Seix Barral
914,Pan Macmillan Ltd. (London)
915,CDS Books
916,Books on Tape
917,Piper
918,Blanvalet Taschenbuch
919,Scholastic Nonfiction
920,Penguin Books (London)
921,University of Michigan Press
922,iBooks
923,Young Picador
924,Razorbill
925,Peachpit Press
926,Claassen Verlag
927,Sun & Moon Press
928,l'ecole des loisirs
929,Acropolis Books (NY)
930,Vanderbilt University Press
931,Vintage Crime/Black Lizard
932,DEBOLS!LLO
933,Scholastic Inc.
934,New Press  The
935,Harcourt  Brace  Jovanovich
936,Cosimo Classics
937,Naiad Press
938,B Fiction
939,Peter Owen Ltd
940,DeVorss & Company
941,Lama Foundation (San Cristobal  NM)
942,Universal Publishers
943,Simon & Schuster Aladddin Paperbacks
944,Headline Book Publishing
945,Nick Hern Books
946,Macmillan Publ. Co.
947,Library of America (NY)
948,東立
949,University of Calgary Press
950,Fawcett Coventry
951,DAW Hardcover
952,Albury Publishing
953,Ullstein Tb
954,Farrar  Straus and Giroux
955,Círculo de Lectores
956,MacMillan Audio
957,HarperVoyager
958,Nicholas Brealey
959,Cardoza
960,CQ Press
961,Allworth
962,North Point Press
963,集英社
964,Schwartz & Wade Books
965,Revive Publishing
966,Polity Press
967,Tusquets
968,Seven Stories Press
969,Harvill Press
970,Festival
971,John F. Blair  Publisher
972,Anchor Books
973,B Books
974,Albin Michel
975,Wiley Publishing  Inc.
976,Berlitz Kids
977,Polychrome Publishing Corporation
978,Prima Games
979,Collins Publishers
980,Dr. Master Productions Inc.
981,Two Lions
982,Aurum Press
983,Price Stern Sloan
984,A Harvest Book/Harcourt  Inc.
985,Hill & Wang
986,Larousse Kingfisher Chambers
987,Abraham Guillen Press
988,RH Audio Price-less
989,Alderac Entertainment Group (AEG)
990,Macmillan Publishing Company/Collier Books
991,Grove Press (NYC)
992,Encounter Books
993,Minotaur Books
994,Amherst Media  Inc.
995,Tor Classics
996,Avalon Travel
997,Orion
998,Fandemonium Books
999,Aris & Phillips
1000,Harper & Row
1001,Canongate Books
1002,Cumberland House Publishing
1003,HarperPerennial / Perennial Classics
1004,Amistad
1005,Editions 10/18
1006,Crown
1007,Dominion Press
1008,David R. Godine Publisher
1009,Booksales
1010,Feral House
1011,New Press
1012,Akashic Books/Punk Planet Books
1013,Shambhala Publications
1014,Teacher Created Resources
1015,Little  Brown & Company (Boston/Toronto)
1016,Yapı Kredi Yayınları
1017,Cavendish Square Publishing
1018,Crown Publishing Group (NY)
1019,Vintage Crime
1020,Dabel Brothers Productions
1021,Berkley Books
1022,Dial Press Trade Paperback
1023,Faber and Faber
1024,Benjamin Cummings
1025,Dark Horse
1026,Simon & Schuster Paperbacks
1027,Scholastic Books
1028,Library of American Comics
1029,Shepard Publications
1030,La factoría de ideas
1031,Pegasus Books
1032,Bantam Books
1033,Bantam Spectra (NY)
1034,Vintage/Ebury
1035,Shambhala
1036,Virago UK
1037,Turtleback
1038,HarperTeen
1039,Howard University Press
1040,TEA
1041,The New York Review Children's Collection
1042,Harpercollins Children's Books
1043,Versus Press
1044,Walker Books Ltd
1045,Northwestern University Press
1046,One World/Ballantine
1047,Grafton
1048,Running Press Adult
1049,Orbit Books
1050,Aivia Press
1051,Gold Eagle
1052,Chaosium
1053,Canadian Broadcasting Corporation (CBC Audio)
1054,Golden Books
1055,Kingfisher
1056,Alianza Editorial
1057,Secker
1058,Henry Holt and Company
1059,Boston Common Press
1060,MTV Books
1061,Veritas Publishing
1062,Gurze Books
1063,Hyperion Books
1064,Overlook Press
1065,Time-Life Books
1066,Tor Fantasy
1067,Bantam Doubleday Dell (NYC)
1068,BiblioLife
1069,RH Audio
1070,Orion Publishing Co
1071,Houghton Mifflin Harcourt
1072,National Geographic
1073,HQN Books
1074,Random House Reference Publishing
1075,Steidl
1076,Course Technology
1077,Headline
1078,BBC Books
1079,Anchor Canada
1080,Council Oak Books
1081,Viking Penguin Inc.
1082,Yearling Books
1083,Cistercian Publications
1084,Tougher Disguises
1085,Washington Square Press
1086,Center Point
1087,Editions Gallimard
1088,BantamSpectra
1089,Del Rey Ballantine Random House
1090,Rowohlt
1091,Motorbooks
1092,Margaret K. McElderry Books
1093,Lulu.com
1094,Shadow Mountain
1095,Chicken House
1096,Hub City Press
1097,Kindle
1098,Touchstone Books
1099,Leisure Books
1100,Harcourt  Brace Jovanovich/Harvest
1101,Love Inspired
1102,Replica Books
1103,Babel
1104,NAL Jam
1105,Fireside
1106,Viking Children's Books
1107,See Sharp Press
1108,Aladdin Paperbacks
1109,Hackett Publishing Company (Indianapolis  IN)
1110,Push
1111,Minnesota Heritage Publishing
1112,Conari Press
1113,btb
1114,St. Martins Press-3PL
1115,Actes Sud
1116,Schocken Books Inc
1117,Churchill Livingstone
1118,ReganBooks
1119,Parker Publishing Llc
1120,Hippo/Scholastic
1121,Arcadia Publishing
1122,Moody Publishers
1123,Longman
1124,Helen Marx Books
1125,Pluto Press
1126,Poorhouse Press
1127,Shueisha
1128,Gauntlet Press
1129,Pearson
1130,Interlink Publishing Group
1131,Pippin Publishing
1132,Turtleback Books
1133,Hackett Publishing Company
1134,Destiny Image Incorporated
1135,Metropolitan Books/Henry Holt & Co. (NY)
1136,BBC Worldwide
1137,Continuum
1138,Soundings
1139,Gallopade International
1140,Mountaineers Books
1141,Collins Modern Classics
1142,Taschen
1143,Harlequin Temptation
1144,Howard Publishing Co
1145,Fourth Estate Paperbacks
1146,Jonathan Cape
1147,J'ai Lu
1148,Payot
1149,Ace/SFBC
1150,Laurel Leaf Library
1151,Ravensburger Buchverlag
1152,HarperCollins Publishers
1153,Allyn & Bacon
1154,River City Publishing
1155,Graywolf Press
1156,Nova Fronteira
1157,Ecco / HarperCollins
1158,Knopf Doubleday Publishing Group
1159,US Green Building Council
1160,Europa Editions
1161,Hodder
1162,Inner Traditions International
1163,Pearson Education
1164,MacAdam/Cage
1165,Crossing Press
1166,Alpha Books
1167,Ecco Press
1168,Hamish Hamilton Ltd
1169,Alan Rodgers Books
1170,FASA Corporation
1171,時報出版
1172,Blanvalet Verlag GmbH
1173,LSU Press
1174,Deodand Publishing
1175,Lawrence Hill Books
1176,Authorhouse
1177,Cooper Square Publishers
1178,Timber Press (OR)
1179,Lions
1180,Saunders
1181,No Starch Press
1182,Harvard University Press (Cambridge  MA)/Wm Heinemann Ltd. (London)
1183,Métailié
1184,Harlequin Special Releases
1185,Osprey Publishing
1186,Red Dress Ink
1187,Verba Mundi
1188,Jones & Bartlett Publishers
1189,New American Library
1190,Plaza & Janes Editores Sa
1191,Aris and Phillips
1192,Penguin (Business)
1193,Routledge Falmer
1194,Little  Brown
1195,Hachette Children's
1196,Not Avail
1197,New Riders Publishing
1198,Lumen
1199,Reader's Digest Association
1200,Cold Spring Harbor Laboratory Press
1201,Abacus
1202,DAW Books (NY)
1203,International Polygonics
1204,Victor Gollancz
1205,Backinprint.com
1206,Simon Pulse
1207,Grand Central Publishing (Formerly Warner Books)
1208,HarperCollins Publishers Ltd
1209,MIT Press (Cambridge  MA)
1210,Planeta Publishing
1211,Simon & Schuster Libros en Español
1212,Orion Children's Books
1213,The Modern Library New York
1214,Exact Change
1215,Kessinger Publishing
1216,Hyperion Books for Children
1217,Time-Life Books  Inc.
1218,Vendome Press
1219,Michael O'Mara Books
1220,Other Press (NY)
1221,Simon  Schuster
1222,Cornell University Press
1223,Viking Juvenile
1224,Editions du Rocher
1225,Harlequin Readers' Choice
1226,Dodd Mead; 1st edition (September 1976)
1227,Walter de Gruyter
1228,Enitharmon Press
1229,Kensington
1230,Twin Palms Publishers
1231,Spark Publishing
1232,Crown Journeys/Crown Publishers/Crown Publishing Group/Random House
1233,Alfred A. Knopf Books for Young Readers
1234,Material World
1235,Vintage Books/Vintage Classics
1236,Onyx
1237,Creation Books
1238,French & European Publications
1239,Fodor's
1240,The Chicken House
1241,Fischer (Tb.)
1242,Firebird Books
1243,Mills & Boon
1244,Headline Book Pub Ltd
1245,Grove Press  Black Cat
1246,Suhrkamp
1247,T&T Clark Int'l
1248,Nantier Beall Minoustchine Publishing
1249,Mestas Ediciones
1250,Knopf
1251,Fischer TB
1252,Alderac Entertainment Group
1253,Vintage/Random House Inc. (NYC)
1254,The Liffey Press
1255,Here's Life Publishers
1256,Time Warner Books UK
1257,Arbordale Publishing
1258,Worth Publishers
1259,Keep It Simple Books
1260,Thomas Dunne Books
1261,Applewood Books
1262,HQN
1263,Macmillan Children's Books
1264,Wenner Books
1265,Between the Lines Productions
1266,Hackett Publishing Company  Inc. (USA)
1267,One World (UK)
1268,Fontana Books
1269,Steerforth
1270,Beacon Press
1271,Morrow
1272,Geddes & Grosset
1273,Little  Brown & Company
1274,Walker
1275,Downtown Press
1276,List Taschenbuch
1277,Llewellyn Publications
1278,DK
1279,Academy Chicago Publishers
1280,Pharos Books
1281,Greenwood
1282,Twayne Publishers
1283,Sleeping Bear Press
1284,Rutgers University Press
1285,Hovel Audio
1286,Running Press Kids
1287,AIT Planet Lar
1288,Big Finish
1289,Nostalgia Ventures
1290,Grand Central Life & Style
1291,Prentice Hall/Scribner/Macmillan
1292,MacMillan Children's Books
1293,The Disinformation Company (NYC)
1294,Viz Media
1295,Reclam  Ditzingen
1296,Healing Arts Press
1297,Mark Cahill Ministries
1298,Wyatt Book
1299,1st World Library
1300,Indigo
1301,Prima Lifestyles
1302,IVP Books
1303,Midnight Ink
1304,Putnam
1305,Heinemann-Octopus
1306,Annick Press
1307,Haynes Manuals N. America  Inc.
1308,Dervy
1309,Corgi Books
1310,Fortress Press
1311,Deutscher Taschenbuch Verlag
1312,Alliance Publishing
1313,Viking; G. P. Putnam & Sons
1314,Little Apple
1315,University of Illinois Press
1316,Disney-Hyperion
1317,Broadview Press Inc
1318,No Exit Press
1319,Puffin Group
1320,Addison Wesley
1321,Algonquin Books
1322,Amistad Press
1323,Odonian Press
1324,Sudamericana
1325,Douglas  McIntyre
1326,Paris Press
1327,Montena
1328,Simon & Schuster Audio
1329,Faber & Faber Ltd.
1330,J'ai lu
1331,Starfire
1332,University Press of Kansas
1333,Tor Science Fiction
1334,Dtv
1335,Cambridge University Press
1336,Wesleyan University Press
1337,Salamandra
1338,Hodder Wayland
1339,Laurel Leaf
1340,Tyndale House Publishers
1341,Signet
1342,Harcourt Children's Books
1343,Harvard Business Review Press
1344,Michael Joseph
1345,Absolute Press
1346,Tom Doherty Associates/Orb Books
1347,St. Martin's
1348,Omohundro Institute and University of North Carolina Press
1349,Disney Hyperion Books
1350,Abradale Books/Harry N. Abrams
1351,Sholom Aleichem Family Publications
1352,Delcourt
1353,Graphics Press
1354,Dell Publishing
1355,Barn Owl Books
1356,Russell Enterprises
1357,Child's Play International
1358,Virago Press (UK)
1359,Library of America
1360,Black Dog & Leventhal
1361,Avery Publishing Group
1362,Collier Books
1363,Chalice Press
1364,Goldmann Verlag
1365,Westminster John Knox Press
1366,Edimat Libros
1367,Chicago Review Press
1368,Kuperard
1369,History Press Ltd
1370,Blackwell Publishers
1371,Orion Publishing Co.
1372,Ballantine Books
1373,Coffee House Press
1374,Luna
1375,Amereon Limited
1376,Deadite Press (Eraserhead Press)
1377,Hodder & Stoughton
1378,Dramatists Play Service  Inc.
1379,Signet Classics
1380,Seal
1381,Pan Australia
1382,Icon Books
1383,Random House (Vintage)
1384,Viking Adult
1385,Everyman Chess
1386,Carroll & Graf Publishers
1387,Patmos
1388,Amereon Ltd
1389,Island Press
1390,Doubleday Books for Young Readers
1391,Wordsworth Editions
1392,Pocket Books / Simon & Schuster  Inc.
1393,YoungJin Singapore Pte. Ltd.
1394,Workman Publishing Company
1395,Berkley
1396,Teacher's Pet Publications  Inc.
1397,Park Street Press
1398,Tin House Magazine
1399,Simon & Schuster Adult Publishing Group
1400,Management Books 2000
1401,Penguin Books Canada
1402,Wildstorm
1403,MacMillan Publishing Company
1404,Chartwell Books
1405,Hodder & Stoughton Ltd
1406,Archipelago Books
1407,Crossroad
1408,Starscape
1409,Advantage World Press
1410,Plaza y Janes
1411,Nelson Current
1412,University of Nebraska Press
1413,DAW Books Inc
1414,Live Oak Media
1415,WaterBrook
1416,Thomas Publications (PA)
1417,Birlinn Ltd
1418,Penguin Books Ltd.
1419,Fourth Estate
1420,Faber  Faber
1421,House of Stratus
1422,Columbia Pictures Pubns
1423,AudioGO
1424,Gun Digest Books
1425,Speak
1426,Blanvalet Taschenbuch Verlag
1427,Franklin Watts
1428,Frederick P. Lenz Foundation for American Buddhism
1429,Simon  Schuster Audio
1430,Hal Leonard Pub Corp
1431,Mondadori
1432,East Bay Municipal Utility District
1433,Warner Forever
1434,Alison Green Books
1435,Catholic Book Publishing
1436,Penguin Group(CA)
1437,Troll Communications
1438,TSR Inc./Wizards of the Coast
1439,Naxos Audiobooks
1440,Cook's Illustrated
1441,Little Bookroom
1442,Penguin
1443,Semiotext(e)
1444,Batsford
1445,Circlet Press
1446,Yale University Press (New Haven  CT)
1447,Warne
1448,Pocket Books/Star Trek
1449,Headline Review
1450,Be Beautiful
1451,Kids Can Press
1452,Harcourt Brace & company
1453,Bantam (Fanfare)
1454,ADV Manga
1455,Three Rivers Press
1456,Arcadia Publishing (SC)
1457,Orbis Books
1458,iUniverse
1459,New York University Press
1460,Mirrorstone
1461,Secker and Warburg
1462,Bulfinch
1463,Eminent Lives
1464,William Morrow; 1ST edition
1465,HarperCollins (SanFrancisco)
1466,Collins Reference
1467,Cold Spring Press
1468,Monkfish Book Publishing
1469,SCM Press
1470,Hci
1471,Skinner House Books
1472,Hachette Jeunesse
1473,Abrams
1474,Yellow Jersey
1475,Silhouette Special Edition
1476,Marion Boyars Publishers
1477,Jimmy Patterson
1478,Norton and Co.
1479,Random House Trade Paperbacks
1480,New York : Penguin Books
1481,Onyx Books
1482,Taylor Productions Ltd
1483,Silhouette Bombshell
1484,Howard Books
1485,Little Brown
1486,Farrar  Straus and Giroux (NY)
1487,University of New Mexico Press
1488,Wiley
1489,Pinnacle
1490,Loeb Classical Library 443
1491,Penguin Press HC  The
1492,The Harvill Press
1493,Audio Partners
1494,University of Georgia Press
1495,Fourth Estate Ltd
1496,Spectra Books
1497,Dartmouth College Press
1498,State University of New York Press
1499,McGraw-Hill
1500,Cátedra
1501,Harper Perennial (NYC)
1502,Cartwheel
1503,Henry Holt & Company
1504,Siloam
1505,Hackett Publ. Co Inc
1506,National Gallery London
1507,Arkana/Penguin
1508,Broadway Business
1509,Bryn Mawr Commentaries
1510,Gürze Books
1511,Vintage/Random House (NY)
1512,Ace Book
1513,Editorial Presença
1514,Benjamin-Cummings Publishing Company
1515,Spectra
1516,Addison-Wesley Professional
1517,Square One Publishers
1518,Belknap Press of Harvard University Press
1519,Atlantic Monthly Press (NYC)
1520,Library of Liberal Arts/Bobb-Merrill (Indianapolis  IN)
1521,San Val
1522,Prometheus Books
1523,Business Plus
1524,It Books
1525,Time Warner Paperbacks
1526,Classic Books
1527,Ullstein
1528,Forge
1529,Cruithne Press
1530,DAW SF
1531,Prestwick House
1532,Penguin Books (Penguin Classics)
1533,Blackstone Publishing
1534,Soho Press
1535,Konemann
1536,Disney Editions
1537,HarperPerennial
1538,Arkham House Publishers
1539,Regnery History
1540,Alfabeta Bokförlag
1541,Ig Publishing
1542,Welcome Books
1543,Harrison House
1544,Eros Comix
1545,Holt  Rinehart and Winston  Inc.
1546,Springer
1547,Walker & Company
1548,Apple
1549,Sage Publications  Inc
1550,W.W. Norton & Company (NYC)
1551,Wisdom Publications
1552,Ann Arbor Media
1553,Focus
1554,Changeling Press
1555,Hampton Roads Publishing Company
1556,Wasendorf & Associates Inc
1557,Berkley Publishing Group
1558,Atheneum Books for Young Readers: Richard Jackson Books
1559,Little Brown and Company
1560,Gollancz
1561,BCP/Duckworth Publishing
1562,Faber & Faber Limited
1563,Harper Perennial (HarperCollins)
1564,Benziger
1565,Large Print Press
1566,Oberlin College Press
1567,Dundurn
1568,Bethany House Publishers
1569,Banner of Truth
1570,Contemporary French Fiction
1571,Carroll & Graf
1572,Hackett Publishing Company  Inc.
1573,America's Test Kitchen
1574,Hard Crime Case
1575,1st Book Library
1576,University of Alaska Press
1577,Ullstein Buchverlage GmbH & Co. KG / Ullstein Tas
1578,Wadsworth Publishing Company
1579,Aegypan
1580,Gallery / Saga Press
1581,Fleming H. Revell Company
1582,Let's Go Publications
1583,Everyman's Library 234
1584,Marion Boyars Publishers Ltd
1585,Ten Speed Press
1586,Simon & Schuster Simon Pulse
1587,Simon & Schuster Books for Young Readers
1588,Forge Books
1589,Chu Hartley Publishers LLC
1590,聯經出版事業股份有限公司
1591,Square Fish
1592,Motorbooks International
1593,Specialty Press
1594,Acento Editorial
1595,Cengage Learning
1596,Modern Library Classics
1597,Editorial RM
1598,Theatre Communications Group
1599,Signet Book
1600,F. Meiner
1601,Random House Audio Publishing Group
1602,Limelight
1603,Citadel Press
1604,University of Arizona Press
1605,Oxford University Press
1606,Bradford Book
1607,Anchor Bible
1608,Plaza & Janés Editores  S.A.
1609,Ballantine Books (NY)
1610,Clarkson Potter Publishers
1611,Laurel-Leaf Books
1612,Topaz
1613,Henry Holt and Co. (BYR)
1614,Condor Books
1615,Sterling
1616,W.W. Norton
1617,Moyer Bell and its subsidiaries
1618,Penguin/Viking Compass (Non-Classics)
1619,Prestel Publishing
1620,Walker Books
1621,Tokyopop
1622,Digireads.com
1623,Virago Press Ltd
1624,Thorndike Press
1625,Trafford Publishing
1626,Self-Realization Fellowship Publishers
1627,Meredith Corporation
1628,Oxford University Press  USA
1629,Random House
1630,Corgi Childrens
1631,Harper Design
1632,Harcourt  Inc.(Harvest Book)
1633,Random House Books for Young Readers
1634,Adventures Unlimited Press
1635,Dey Street Books
1636,Harcourt Brace
1637,Sasquatch Books
1638,Dover Publications  Inc.
1639,Harvest / Harcourt
1640,Firebird
1641,Fawcett crest
1642,Atheneum
1643,SaltRiver
1644,Smithsonian Books
1645,Listening Library
1646,Haymarket Books
1647,Seal Press
1648,Loyola Press (Chicago)
1649,MONDIAL
1650,Soft Skull Press
1651,NAL Trade
1652,Destiny Books
1653,Holiday House
1654,Touchstone
1655,Douglas & McIntyre
1656,J'AI LU
1657,Doubleday & Company  Inc.
1658,Bantam Doubleday Dell Publishing Company Inc.
1659,Dell Yearling
1660,Filiquarian Publishing  LLC.
1661,Anchor
1662,Running Press Book Publishers
1663,Gaia Books
1664,Wheeler Publishing
1665,Marshall Cavendish Editions
1666,Barricade Books
1667,B&H Publishing Group
1668,Mel Bay Publications  Inc.
1669,Granta Books
1670,Godsfield Press Ltd
1671,Bloomsbury Children's Books
1672,Dover Publications
1673,Nan A. Talese
1674,Kodansha America
1675,Award Books
1676,Virgin Publishing
1677,Pimlico
1678,Allen Lane
1679,South End Press (Boston)
1680,Stone Bridge Press
1681,Random House Large Print
1682,Star Trek
1683,Dabel Brothers Publishing
1684,Silhouette Romance
1685,Fawcett Crest
1686,Delta
1687,University Press of Mississippi
1688,Peter Smith Publisher  Inc.
1689,Ellora's Cave
1690,Overeaters Anonymous  Incorporated
1691,Harper Collins
1692,Owl Books
1693,Houghton Mifflin/Seymour Lawrence
1694,Sentient Publications
1695,Winter on the Farm (My First Little House)
1696,Bertrand
1697,Green Integer
1698,The Bodley Head Ltd
1699,Chicken House / Scholastic
1700,10/18
1701,Flamingo
1702,Orion Publishing Group  Ltd.
1703,Scholastic  Inc.
1704,Kregel Academic & Professional
1705,Hawthorne Books
1706,Prestwick House - (Literary Touchstone Classic)
1707,Arléa
1708,Melodrama Publishing
1709,HarperPrism
1710,ECW Press
1711,Penguin Books USA Inc.
1712,RP Minis
1713,Hyperion
1714,Serpents Tail
1715,VeloPress
1716,A & C Black (Childrens books)
1717,Mariner Books / Harvest Books
1718,Wiley Publishing
1719,Lucent Books
1720,Zondervan Publishing House
1721,Napoleon and Co
1722,英文漢聲出版股份有限公司
1723,William Morrow
1724,F & W Publications Inc.
1725,The Orion Publishing Group Ltd
1726,Prentice Hall PTR
1727,Simon Schuster
1728,University of Texas Press
1729,Crown Business
1730,Transworld Publishers Ltd
1731,Barron's Educational Series
1732,Hay House
1733,Scholastic Audio Books
1734,Hachette Audio
1735,角川書店 (Kadokawa Shoten)
1736,Farrar Straus and Giroux
1737,Ulysses Press
1738,Barnes & Noble Books
1739,House of Anansi Press
1740,Paperback Library
1741,Dutton
1742,Fireside Books
1743,Sage Publications Ltd
1744,Summit University Press
1745,Edwin Mellen Press
1746,Bantam Classics
1747,Leete's Island Books
1748,Granta UK
1749,Joshua Odell Editions
1750,Arrow Books Ltd
1751,HarperResource
1752,Mysterious Press
1753,University of Toronto Press
1754,Atlantic Books (UK)
1755,Routledge
1756,Addison Wesley Publishing Company
1757,Hodder Children's Books
1758,Digital Manga Publishing / Dark Horse
1759,L.A. Weekly Books
1760,Grand Central
1761,Carlsen
1762,Puffin
1763,Globe
1764,Dutton Adult
1765,Candlewick
1766,Warner Books (NY)
1767,Insel  Frankfurt
1768,Knopf Books for Young Readers
1769,New Tradition Books
1770,HMH Books for Young Readers
1771,W.W. Norton & Company  Inc. (NY)
1772,Gardners Books
1773,Prentice Hall/Library of Liberal Arts
1774,Severn House Publishers
1775,Atlas Books/HarperCollins Publishers
1776,Dramatists Play Service
1777,Prentice Hall/Simon & Schuster Company (Englewood Cliffs  NJ)
1778,Villard
1779,Th1nk Books
1780,Octopus Books
1781,Bloomsbury Paperbacks
1782,Vintage
1783,Roxford Books
1784,Pan Books
1785,David R. Godine
1786,Trafalgar Square Publishing
1787,Legend
1788,Universe
1789,Audiogo
1790,HarperTrophy
1791,Robert Laffont
1792,Greenwillow Books
1793,Loeb Classical Library 307
1794,Poisoned Pen Press
1795,Grupo Océano
1796,Points
1797,Vintage Books USA
1798,Oni Press
1799,Cleis Press
1800,Barnes  Noble
1801,Lawbook Exchange  Ltd.
1802,Omnibus Hc Bei Bertelsmann
1803,Penguin Global
1804,Basic Books (AZ)
1805,Imprint Academic
1806,Bold Strokes Books
1807,Putnam Adult
1808,Ave Maria Press
1809,Aladdin
1810,Arthur A. Levine Books / Scholastic Inc.
1811,Leisure
1812,Pan
1813,Firelight Press
1814,Findakly
1815,Random House Audio
1816,Fount
1817,Johnson Publishing Company (IL)
1818,Mikaya Press
1819,W.W. Norton & Company (NY)
1820,Luath Press Ltd
1821,Knowledge Products
1822,Longmeadow Press
1823,University of Pennsylvania Press
1824,Charnwood
1825,AVA Publishing
1826,HarperPaperbacks
1827,Quinteto
1828,Gemstone Publishing
1829,First Avenue Editions (Tm)
1830,Listening Library (Audio)
1831,Scribner Book Company
1832,Bradygames
1833,Brava
1834,Goldmann
1835,TSR Inc.
1836,Plexus Publishing Ltd
1837,Alcoholics Anonymous World Services Inc
1838,Eerdmans
1839,St. Martin's Press
1840,Granta
1841,Subterranean Press
1842,Alfred A.Knopf
1843,New York: Random House
1844,Presidio Press
1845,Minnesota Historical Society Press
1846,Taplinger Publ. Company
1847,Éditions 10/18
1848,Ediciones Urano
1849,Rowohlt Taschenbuch Verlag GmbH
1850,Sutton Publishing
1851,Riverhead Hardcover
1852,VIZ Media
1853,Black Swan
1854,French & European Pubns
1855,Inkling Books
1856,SparkNotes
1857,MetroBooks (NY)
1858,Usborne Books
1859,Harry N. Abrams
1860,Harper Element
1861,Island Books
1862,Abingdon Press
1863,Black Lizard Books
1864,William B. Eerdmans Publishing Company
1865,Laurel Leaf Books
1866,Ace Hardcover
1867,Collector's Library
1868,Casa Creacion
1869,Barbour Books
1870,"Izdavačka agencija ""Draganić"""
1871,Vince Emery Productions
1872,Travelers' Tales
1873,Viking Press
1874,Tinder Press
1875,Penguin Audio UK
1876,Penguin Books /Penguin Classics
1877,Random House for Young Readers
1878,Dorling Kindersley Children
1879,Rizzoli International Publications
1880,Scribner Classics
1881,Salem Press Inc
1882,Profile Books
1883,Morgan Road Books
1884,Potomac Books
1885,Bright Sky Press
1886,Vantage Press
1887,Melville House Publishing
1888,Cherry Lane Music Company
1889,Hodder Mobius
1890,Lonely Planet
1891,Metropolitan Books
1892,Treat Enterprises
1893,Ivan R. Dee Publisher
1894,W.W. Norton  Company
1895,Shaw
1896,Harbor Press
1897,Pfeiffer & Company
1898,FT Press
1899,Simple Productions
1900,Laurel
1901,Piatkus
1902,Two Plus Two Publishing LLC
1903,Night Shade Books
1904,Collins
1905,Do-Not Press
1906,Pan Publishing
1907,Pogue Press
1908,Corgi
1909,Simon  Schuster Books for Young Readers
1910,Cherry Red Books
1911,Poseidon Press
1912,NYRB Classics
1913,Dutton Juvenile
1914,Bruno Gmünder
1915,O'Brien Press
1916,Harper & Row (NYC et al.)
1917,Red Fox
1918,Teachers College Press
1919,Jossey-Bass
1920,Edaf S.A.
1921,Cornerstone Press Chicago
1922,Clarkson Potter/Publishers
1923,Droemer Knaur
1924,Lark Books
1925,Zebra Books
1926,Clarion Books
1927,Phaidon Press
1928,Mira (Mills and Boon)
1929,Century
1930,Houghton Mifflin Co. (Boston/NY)
1931,Delacorte Books for Young Readers
1932,Longman Publishing Group
1933,Fredonia Books (NL)
1934,Pocket Books
1935,St. Martin's Paperback
1936,Chronicle Books
1937,Borgo Press
1938,ACE
1939,W Publishing Group
1940,Psychology Press
1941,Fawcett
1942,North Star Publications (MA)
1943,Poppy
1944,Stackpole Books
1945,Omnibus Press
1946,Ryland Peters & Small
1947,Penguin Classic
1948,Dover Publications (NYC)
1949,W.W. Norton & Company
1950,Stenhouse Publishers
1951,AA World Services
1952,New Directions Publishing Corporation
1953,Marvel
1954,Bantam Books (NY)
1955,Princeton Architectural Press
1956,Bison Books
1957,Delmar Thomson Learning
1958,Simon and Schuster
1959,New Island Books
1960,Felony & Mayhem
1961,Warners Visions Books
1962,Orchard
1963,Learning Matters
1964,Everyman Library / Overlook Press
1965,The MIT Press
1966,McClelland & Stewart
1967,Ivan R. Dee  Publisher
1968,Penguin Press
1969,Piatkus Books
1970,Night Shade
1971,Wiley-Blackwell
1972,Rizzoli
1973,Skylight Paths Publishing
1974,Lectorum Publications
1975,Broadway Books
1976,Random House Mondadori
1977,Orchard Books (NY)
1978,Panther
1979,Beckett Media
1980,Hodder & Stoughton Educational Division
1981,OUP Oxford
1982,Marvel Comics Group
1983,Avon
1984,Random House Anchor
1985,Vintage Books a division of Random House
1986,BradyGames
1987,Belknap Press
1988,Phoenix Press (UK)
1989,French & European
1990,Book of the Month Club
1991,New York Review of Books
1992,Lectorum
1993,List
1994,Writer's Digest Books
1995,Harper Business
1996,Henry Holt and Co.
1997,Focus Publishing/R. Pullins Company
1998,Scholastic Inc
1999,High Point Media
2000,City Lights Publishers
2001,Courage Books
2002,Wayne State University Press
2003,Phébus
2004,William Morrow & Company (NYC)
2005,Thames  Hudson
2006,Grand Central Publishing
2007,Tarcher
2008,Farrar  Strauss & Giroux-3pl
2009,LGF
2010,Dover Publications (NY)
2011,Kaplan
2012,Avenel Books
2013,Harper
2014,Vivendi
2015,Arcade Publishing
2016,Ace Trade
2017,Silhouette Desire
2018,Wizarding World Press
2019,Pan MacMillan
2020,EOS
2021,Joanna Cotler Books
2022,Fischer Taschenbuch Verlag
2023,Crown Forum
2024,Hill & Wang Publ. (NY)
2025,Jessica Kingsley Publishers
2026,Gallimard Education
2027,Random House Children's Books
2028,McFarland & Company
2029,Methuen Publishing
2030,Coronet Books (GB)
2031,Crossroad Publishing Company
2032,John Wiley & Sons
2033,One Hour Entertainment
2034,Tarcherperigee
2035,W. W. Norton & Co.
2036,Palgrave Macmillan
2037,George Braziller
2038,Sophia Institute Press
2039,Tachyon Publications
2040,Harper Perennial Modern Classics
2041,Modern Library/Random House (NY)
2042,Ash-Tree Press
2043,London : Collins  2004.
2044,New English Library
2045,Ace
2046,Ash Tree Publishing
2047,University of Oklahoma Press
2048,Saddleback Educational Publishing  Inc.
2049,Tuttle Publishing
2050,Insel
2051,BBC Audiobooks Ltd
2052,Tin House Books
2053,Harmony
2054,ガンガンコミックス
2055,Crown Publishing Group
2056,Portfolio
2057,Jones Books
2058,St. Martin's Paperbacks
2059,Marlowe & Company
2060,Heinemann Educational Books
2061,Neil Wilson Publishing
2062,W.W. Norton & Company (NY/London)
2063,Alpha
2064,Vintage Contemporaries
2065,Dodo Press
2066,Little Simon
2067,Greenery Press (CA)
2068,Thorndike Press Large Print
2069,Re/Search Publications
2070,Holt Paperbacks
2071,Providence Forum Press
2072,Simon & Schuster (Trade Division)
2073,Phoenix Books/University of Chicago Press (IL)
2074,British Academy
2075,Libraries Unlimited
2076,Grove Weidenfeld
2077,Rufus Publications
2078,Thames & Hudson
2079,Counterpoint LLC
2080,Atlantic Books
2081,Sierra Club Books
2082,Little  Brown Books for Young Readers
2083,G.P. Putnam's Sons Books for Young Readers
2084,Liveright/W.W. Norton & Company  Inc.
2085,Faber & Faber
2086,Charlesbridge
2087,Del Rey Fantasy
2088,MIRA
2089,Arlington House
2090,Seuil
2091,Harcourt Brace Jovanovich (NY)
2092,Sun and Moon Press
2093,Le Livre de Poche
2094,Ediciones Glénat España
2095,Nonpareil Books
2096,Anchor Books/Knopf Doubleday Publishing Group
2097,Pocket
2098,Heinle
2099,Baen Books
2100,Microsoft Press
2101,Penguin Signet
2102,Beacon Press (Boston)
2103,Tor
2104,FASA Corp.
2105,Harpercollins
2106,Digital Manga Publishing
2107,Black Classic Press
2108,Harpercollins Childrens Books
2109,Luna Books
2110,Atheneum Books
2111,Futura
2112,McGraw-Hill Medical Publishing
2113,Power Press
2114,Y Lolfa
2115,University of Massachusetts Press
2116,Middlesex University Press
2117,Harlequin Books
2118,Johns Hopkins University Press
2119,Rodale Books
2120,ComicsLit
2121,Berkley Heat
2122,Libros para ninos
2123,LWW
2124,Julia MacRae
2125,Bantem Press
2126,Diamond/Charter
2127,Penguin Books Australia Ltd.
2128,PerfectBound (HarperCollins)
2129,Newmarket Press
2130,Bloomsbury Methuen Drama
2131,Santillana USA Publishing Company
2132,Penguin Books (NYC)
2133,School Specialty Publishing
2134,Pocket Star Books
2135,Harlequin Superromance
2136,Routledge Classics
2137,FonoLibro
2138,Krause Publications
2139,Backstage Books
2140,Dell Laurel-Leaf
2141,Back Bay Books
2142,Checkmark Books
2143,Owlet Paperbacks
2144,Association for Scottish Literary Studies
2145,Cartago
2146,Timeless Texts
2147,Science Fiction Book Club
2148,Everyman Paperback Classics
2149,Thomas Y. Crowell Company
2150,Webster's New World
2151,Charles Scribner's Sons
2152,Servant Publications
2153,Open Court Publishing Company
2154,講談社
2155,Panamericana Editorial
2156,University of Arkansas Press
2157,Distribooks
2158,Xulon Press
2159,MJF Books
2160,HarperCollins Perennial
2161,Warner Books
2162,Children's Press(CT)
2163,New World Publishing
2164,University of Washington Press
2165,DC Comics Vertigo
2166,Christian Classics
2167,Suma de Letras Brasileiras
2168,Collectors Library
2169,Puffin Books
2170,小学館
2171,Carole Marsh Mysteries
2172,MacMillan
2173,Inner Traditions
2174,Bloomsbury Childrens Books
2175,Hamish Hamilton
2176,Manesse Verlag
2177,TarcherPerigee
2178,Mongoose Publishing
2179,Green Ronin Publishing
2180,Book Publishing Company
2181,Pi Press
2182,Reaktion Books
2183,Penguin Workshop
2184,Broadway/Crown Publishing Group
2185,Berkley Publishing
2186,Sumach Press
2187,Gale Cengage
2188,Éditions du Rocher
2189,Simon & Schuster Childrens Books
2190,Unwin Paperbacks
2191,Loose Id  LLC
2192,University Press of America
2193,Baker Books
2194,Portable Press
2195,Book Publishing Company (TN)
2196,Hal Leonard Publishing Corporation
2197,Roc Trade
2198,Feiwel & Friends
2199,Klincksieck
2200,Rowman & Littlefield Publishers
2201,Editions de l'Olivier
2202,Barrons Educational Series
2203,Buccaneer Books
2204,Signet Books (NY)
2205,Cybereditions Corp
2206,Titan Books Ltd
2207,HarperCollinsPublishers
2208,Planeta
2209,Paul Dry Books
2210,Temenos Press
2211,Baronet Books
2212,Hodder and Stoughton
2213,Starcatcher Press
2214,Holloway House
2215,Norton
2216,Éditions de Minuit
2217,Éditions de L'Olivier
2218,Vintage/Ebury (A Division of Random House Group)
2219,McGraw-Hill Companies
2220,Reclam  Leipzig
2221,Geoplaneta
2222,Fab Press
2223,International Publishers
2224,Counterpoint
2225,Pantheon
2226,Barnes & Noble
2227,Black Sparrow Press
2228,Universe Publishing(NY)
2229,Westview Press
2230,Bloomsbury USA Children's Books
2231,Our Daily Bread Publishing
2232,Cambridge University Press/The New Cambridge Shakespeare
2233,Paul S. Eriksson
2234,Harper Trophy
2235,BALLANTINE BOOKS
2236,CMX
2237,Routledge Taylor & Francis Books Ltd imprint
2238,Hesperus Press
2239,Cooper Square Press
2240,KiWi
2241,Plaza y Janés
2242,Atheneum/Richard Jackson Books
2243,Klett
2244,Basic Books
2245,St. Martin's Griffin
2246,Audio Literature
2247,University of Utah Press
2248,Love Spell
2249,Zondervan Publishing Company
2250,Walter Foster Publishing
2251,British Library
2252,Aspect
2253,Atlantic Monthly Press
2254,Dell Publishing Company
2255,Denoël
2256,Samuel French Ltd
2257,Atelos Press
2258,Verso
2259,Owl Books (NY)
2260,Random House Value Publishing/TheViking Press
2261,Artisan
2262,Millipede Press
2263,Diogenes
2264,Dafina Books
2265,Jump at the Sun
2266,Alfred A. Knopf
2267,University of North Carolina Press
2268,Scholastic
2269,Sovereign World
2270,Harlequin Anthologies
2271,Griffin
2272,Rough Guides
2273,New World Library
2274,Avon Books (AvoNova)
2275,AvonEos
2276,New Millennium Library
2277,Noonday Press
2278,Better Homes and Gardens Books
2279,Manning Publications
2280,Bedford/St. Martin's
2281,HighBridge Company
2282,Grijalbo
2283,Hiperión
2284,IVP Academic
2285,Watson-Guptill
2286,Volo
2287,Polyface
2288,Ohio State University Press
